{"loss": [22.760299682617188, 3.5543243885040283, 3.405014753341675, 3.134281635284424, 2.6923482418060303, 2.2195546627044678, 1.790006160736084, 1.3117997646331787, 1.1002349853515625, 0.9214915037155151, 0.825740396976471, 0.7133763432502747, 0.5411607623100281, 0.40930673480033875, 0.3882104456424713, 0.38327649235725403, 0.29133981466293335, 0.2686988115310669, 0.24180886149406433, 0.2825486660003662, 0.18781109154224396, 0.18656666576862335, 0.14900296926498413, 0.17037296295166016, 0.16034561395645142, 0.1929164081811905, 0.11983218044042587, 0.143363818526268, 0.13931362330913544, 0.09953489899635315, 0.13642391562461853, 0.09511636197566986, 0.12756028771400452, 0.10084863007068634, 0.09107362478971481, 0.1610850691795349], "accuracy": [0.02921348251402378, 0.04911717399954796, 0.09662920981645584, 0.20064204931259155, 0.32327449321746826, 0.45489567518234253, 0.5752809047698975, 0.6863563656806946, 0.7402889132499695, 0.7826645374298096, 0.8077046275138855, 0.8452648520469666, 0.8831460475921631, 0.905938982963562, 0.9094703197479248, 0.9149277806282043, 0.9296950101852417, 0.9399678707122803, 0.9441412687301636, 0.9441412687301636, 0.9528089761734009, 0.9608346819877625, 0.9634028673171997, 0.9634028673171997, 0.9621188044548035, 0.9630818367004395, 0.9714285731315613, 0.9691813588142395, 0.9653290510177612, 0.9768860340118408, 0.9736757874488831, 0.9768860340118408, 0.974638819694519, 0.9765650033950806, 0.9762439727783203, 0.9640449285507202], "val_loss": [3.543729305267334, 3.532700538635254, 3.398742198944092, 3.1040143966674805, 2.6342673301696777, 2.0829808712005615, 1.6818389892578125, 1.5786807537078857, 1.2634270191192627, 1.07976233959198, 0.7981502413749695, 0.6838889718055725, 0.6754984855651855, 0.6654029488563538, 0.7171677350997925, 0.7029034495353699, 0.4509722590446472, 0.597952663898468, 0.6063300967216492, 0.5585670471191406, 0.4641181230545044, 0.508631706237793, 0.447463721036911, 0.5333024859428406, 0.5625599026679993, 0.4269794225692749, 0.4164581596851349, 0.36100852489471436, 0.4556290805339813, 0.5072946548461914, 0.4537123143672943, 0.3972175419330597, 0.31079068779945374, 0.3338311016559601, 0.4432643949985504, 0.3032821714878082], "val_accuracy": [0.07122506946325302, 0.07122506946325302, 0.15954415500164032, 0.24786324799060822, 0.43019944429397583, 0.5555555820465088, 0.6581196784973145, 0.6752136945724487, 0.7350427508354187, 0.8205128312110901, 0.8717948794364929, 0.8831908702850342, 0.9002848863601685, 0.8974359035491943, 0.8945869207382202, 0.8974359035491943, 0.934472918510437, 0.8974359035491943, 0.9088318943977356, 0.9031339287757874, 0.9230769276618958, 0.9430199265480042, 0.9487179517745972, 0.9145299196243286, 0.94017094373703, 0.934472918510437, 0.945868968963623, 0.9515669345855713, 0.9373219609260559, 0.9515669345855713, 0.9515669345855713, 0.9515669345855713, 0.9515669345855713, 0.9601139426231384, 0.94017094373703, 0.945868968963623]}